,degree,eccentricity,betweenness,closeness,eigenvector,coreness,harmonic,loc_transitivity,pagerank
degree,1.0,-0.5414063470146254,0.8688552861736241,0.9507473133655657,0.9524435709805691,0.9642507666790897,0.9593158849053122,-0.2697092776583969,0.9774176304315512
eccentricity,-0.5414063470146254,1.0,-0.4826963277207798,-0.5616785652141766,-0.5569736719994943,-0.5326398168949961,-0.5612963866391166,0.11892937699617402,-0.4963783005437554
betweenness,0.8688552861736241,-0.4826963277207798,1.0,0.8336486374066965,0.7813252359753412,0.784844577852173,0.8394034266066416,-0.4253047614611969,0.9218391518242958
closeness,0.9507473133655657,-0.5616785652141766,0.8336486374066965,1.0,0.9691732492311743,0.9417369577899227,0.9994709091536526,-0.29477754745004164,0.908527691475637
eigenvector,0.9524435709805691,-0.5569736719994943,0.7813252359753412,0.9691732492311743,1.0,0.9764452881684775,0.9717703329585767,-0.18643280511917806,0.8950004637731159
coreness,0.9642507666790897,-0.5326398168949961,0.784844577852173,0.9417369577899227,0.9764452881684775,1.0,0.9470657189400324,-0.17149132825342614,0.9173257028491356
harmonic,0.9593158849053122,-0.5612963866391166,0.8394034266066416,0.9994709091536526,0.9717703329585767,0.9470657189400324,1.0,-0.2955873797968301,0.9180636103048652
loc_transitivity,-0.2697092776583969,0.11892937699617402,-0.4253047614611969,-0.29477754745004164,-0.18643280511917806,-0.17149132825342614,-0.2955873797968301,1.0,-0.30596040190882223
pagerank,0.9774176304315512,-0.4963783005437554,0.9218391518242958,0.908527691475637,0.8950004637731159,0.9173257028491356,0.9180636103048652,-0.30596040190882223,1.0
